qid,bm25,baseline,decomposition,yesno,iterative,iterative_pool,iterative_pool_rerank,steps
8813f87c0bdd11eba7f7acde48001122,0.5,0.5,0.5,0.5,0.5,0.5,0.5,2
61a46987092f11ebbdaeac1f6bf848b6,0.5,0.0,0.5,0.5,0.5,0.5,0.5,2
e2a3bf2a0bdd11eba7f7acde48001122,0.5,0.5,0.5,0.5,0.5,0.5,0.5,3
0cd3bdea0bde11eba7f7acde48001122,0.5,0.5,0.5,0.5,0.5,0.5,0.5,3
f9dcb4a60bda11eba7f7acde48001122,0.5,0.0,0.0,0.5,0.5,0.5,0.0,3
8981e1ce0bb011ebab90acde48001122,1.0,1.0,0.0,1.0,0.0,0.0,0.0,2
019bed300bde11eba7f7acde48001122,1.0,1.0,1.0,1.0,1.0,1.0,1.0,3
a7b9672009c311ebbdb0ac1f6bf848b6,1.0,0.5,0.5,0.5,1.0,1.0,1.0,3
298f23b8088a11ebbd6eac1f6bf848b6,0.25,0.0,0.5,0.25,0.25,0.25,0.25,3
2ec440560bb011ebab90acde48001122,0.5,0.0,0.5,0.5,0.5,0.5,0.5,3
05f8a691087b11ebbd67ac1f6bf848b6,0.75,0.0,0.0,0.0,0.75,0.75,0.5,3
645c9a5a08c311ebbd8dac1f6bf848b6,0.25,0.0,0.0,0.25,0.25,0.5,0.5,3
5bec3cd408a711ebbd7fac1f6bf848b6,0.5,0.0,0.25,0.25,0.25,0.25,0.25,2
464cfa460bd911eba7f7acde48001122,0.5,0.5,0.5,0.5,0.5,0.5,0.5,3
c05e16a40bdd11eba7f7acde48001122,0.5,1.0,0.5,0.5,0.5,1.0,1.0,2
2935f1640bda11eba7f7acde48001122,0.5,0.5,0.5,0.5,0.5,0.5,0.5,2
ada1b358085211ebbd58ac1f6bf848b6,1.0,0.5,1.0,0.5,0.5,1.0,1.0,3
3f857208086c11ebbd61ac1f6bf848b6,0.5,0.0,0.25,0.0,0.5,0.75,0.75,2
dfe93efe0bdd11eba7f7acde48001122,0.5,0.5,0.5,0.5,0.5,0.5,0.5,2
1d890623088711ebbd6dac1f6bf848b6,0.5,0.0,0.25,0.0,0.5,0.5,0.5,3
d8c36503097411ebbdb0ac1f6bf848b6,1.0,0.0,0.5,0.5,1.0,1.0,1.0,2
2207e9060bda11eba7f7acde48001122,0.5,0.5,0.5,0.0,0.5,0.5,0.5,3
7abc1e3008d511ebbd98ac1f6bf848b6,0.5,0.0,0.25,0.25,0.5,0.5,0.25,2
ae331827088b11ebbd6fac1f6bf848b6,0.5,0.0,0.5,0.5,0.5,0.5,0.5,2
2002bf0c0bb011ebab90acde48001122,1.0,1.0,1.0,0.5,1.0,1.0,1.0,3
c531e7560baf11ebab90acde48001122,0.5,0.5,0.5,0.5,0.5,0.5,0.5,3
4d982dc308c111ebbd8bac1f6bf848b6,0.5,0.0,0.25,0.0,0.25,0.5,0.5,2
a9cc5f240bdb11eba7f7acde48001122,0.5,0.5,0.5,0.5,0.5,0.5,0.5,3
6ebe05740bde11eba7f7acde48001122,0.5,0.0,0.5,0.0,0.5,0.5,0.5,2
a0065fe9085f11ebbd5dac1f6bf848b6,0.5,0.0,0.5,0.5,0.5,1.0,0.5,2
7c490349090311ebbdadac1f6bf848b6,1.0,0.0,1.0,0.5,1.0,1.0,1.0,2
8d2382e0085811ebbd5aac1f6bf848b6,1.0,1.0,0.5,0.5,0.5,1.0,1.0,3
1a114c5e088f11ebbd71ac1f6bf848b6,0.75,0.0,0.0,0.5,0.75,0.75,0.75,2
7a1d9d7c0bb011ebab90acde48001122,1.0,0.0,0.5,1.0,1.0,1.0,1.0,3
0bedb7e80bdc11eba7f7acde48001122,0.5,0.5,0.5,0.5,0.5,0.5,0.5,2
1869092c0bb011ebab90acde48001122,0.5,0.5,0.5,1.0,0.5,0.5,0.5,2
9980b1ed089d11ebbd78ac1f6bf848b6,0.5,0.5,0.25,0.25,0.5,0.5,0.5,2
c19b72520bdb11eba7f7acde48001122,0.5,0.5,0.5,0.0,0.5,0.5,0.5,2
3a84baaf088311ebbd6dac1f6bf848b6,1.0,1.0,0.5,0.5,0.5,1.0,1.0,3
633132f008b711ebbd88ac1f6bf848b6,1.0,0.5,0.5,0.5,1.0,1.0,1.0,2
9aee006a09c211ebbdb0ac1f6bf848b6,1.0,0.0,0.5,0.0,1.0,1.0,1.0,3
b3110a5e0bda11eba7f7acde48001122,0.5,0.5,0.5,0.5,0.5,0.5,0.5,2
5b6b8c02089711ebbd77ac1f6bf848b6,0.5,0.0,0.25,0.75,0.5,0.5,0.25,3
3705552a0bb011ebab90acde48001122,1.0,1.0,1.0,1.0,1.0,1.0,1.0,3
07e964920bde11eba7f7acde48001122,0.5,0.5,0.5,0.0,0.5,0.5,0.5,3
f7c4fdf2087611ebbd67ac1f6bf848b6,0.5,0.0,0.25,0.0,0.5,0.5,0.5,2
db19bf4c086e11ebbd62ac1f6bf848b6,0.5,0.5,1.0,0.5,0.5,1.0,1.0,3
9e6d7bdc08a111ebbd79ac1f6bf848b6,0.25,0.5,0.0,0.25,0.25,0.25,0.25,2
c3c94d0a0bdc11eba7f7acde48001122,0.5,0.5,0.5,0.5,0.5,0.5,0.5,2
96fb4aee0baf11ebab90acde48001122,0.5,0.0,0.5,0.5,0.5,0.5,0.5,3
e618b2c608c911ebbd92ac1f6bf848b6,1.0,0.0,1.0,0.5,1.0,1.0,1.0,3
d71f453b085811ebbd5bac1f6bf848b6,0.25,0.25,0.0,0.25,0.0,0.25,0.25,2
f7eb7e31088c11ebbd70ac1f6bf848b6,1.0,1.0,0.5,0.5,0.5,1.0,1.0,3
e41c14820bd911eba7f7acde48001122,0.5,0.5,0.5,0.5,0.5,0.5,0.5,2
27e835ee0bb011ebab90acde48001122,1.0,1.0,1.0,0.0,1.0,1.0,0.5,3
3f635554096511ebbdafac1f6bf848b6,1.0,0.5,0.5,0.5,1.0,1.0,1.0,2
b69ad95c08ad11ebbd83ac1f6bf848b6,0.5,0.0,1.0,0.5,1.0,1.0,1.0,3
931a85420bdd11eba7f7acde48001122,1.0,1.0,0.0,0.5,0.5,1.0,1.0,3
0bbded440bda11eba7f7acde48001122,0.5,0.5,0.5,0.5,0.5,0.5,0.5,3
258867240bdd11eba7f7acde48001122,0.5,0.5,0.5,0.5,0.5,0.5,0.5,3
3cbd107e0bde11eba7f7acde48001122,0.0,0.0,0.0,0.0,0.0,0.0,0.0,2
5e8240ea0bdd11eba7f7acde48001122,0.5,0.5,0.5,0.5,0.5,0.5,0.5,2
6638110e0bdb11eba7f7acde48001122,1.0,1.0,1.0,1.0,1.0,1.0,1.0,3
7de9188c088b11ebbd6fac1f6bf848b6,0.5,0.25,0.25,0.25,0.25,0.5,0.5,3
3972d2b60baf11ebab90acde48001122,0.5,0.0,0.5,0.5,0.5,0.5,0.5,2
a8cbc4c40bdc11eba7f7acde48001122,0.5,0.5,0.5,0.5,0.5,0.5,0.5,2
32e50df00bb011ebab90acde48001122,0.5,0.0,0.5,0.5,0.5,0.5,0.5,3
deb907f80bdd11eba7f7acde48001122,0.5,0.5,0.5,0.5,0.5,0.5,0.5,3
b81fbe620bdc11eba7f7acde48001122,0.5,0.5,0.5,0.5,0.5,0.5,0.5,2
3717c0600bde11eba7f7acde48001122,0.5,0.5,0.0,0.5,0.5,0.5,0.5,2
0f1ac1a00bdb11eba7f7acde48001122,0.5,0.0,0.5,0.5,0.0,0.5,0.5,3
f420d4a008a311ebbd7cac1f6bf848b6,0.5,0.0,0.25,0.25,0.0,0.5,0.5,2
6638a0f0084e11ebbd56ac1f6bf848b6,1.0,1.0,1.0,1.0,1.0,1.0,1.0,3
07388c7c0bb011ebab90acde48001122,0.5,0.5,0.5,0.5,0.5,0.5,0.5,3
83ff07cd096711ebbdafac1f6bf848b6,1.0,1.0,0.5,1.0,1.0,1.0,1.0,3
7a57c5d2089111ebbd73ac1f6bf848b6,0.5,0.25,0.25,0.25,0.25,0.5,0.5,3
42f6d3b208b911ebbd88ac1f6bf848b6,1.0,0.5,1.0,0.5,1.0,1.0,1.0,2
f1ff478c089011ebbd72ac1f6bf848b6,0.25,0.25,0.0,0.25,0.25,0.5,0.5,2
6b55ac320bdb11eba7f7acde48001122,0.5,0.5,0.0,0.5,0.5,0.5,0.5,2
424d56700bde11eba7f7acde48001122,0.5,0.5,0.5,0.5,0.5,0.5,0.5,3
5c0c69f80bdd11eba7f7acde48001122,0.5,0.5,0.5,0.5,0.5,0.5,0.5,2
ac786909087411ebbd67ac1f6bf848b6,1.0,1.0,0.5,0.0,1.0,1.0,1.0,3
29427eea0bdd11eba7f7acde48001122,0.5,0.5,0.5,0.5,0.5,1.0,1.0,2
d370f0b0085711ebbd5aac1f6bf848b6,0.5,0.0,0.25,0.0,0.5,0.5,0.5,2
a9f9985a09a211ebbdb0ac1f6bf848b6,0.5,0.0,0.0,1.0,1.0,1.0,1.0,2
53ab316c08b911ebbd88ac1f6bf848b6,0.5,0.0,0.25,0.0,0.5,0.5,0.5,2
bc633e2c0baf11ebab90acde48001122,0.5,0.0,0.5,0.5,0.5,0.5,0.5,3
2b4bd5020baf11ebab90acde48001122,1.0,1.0,1.0,0.0,1.0,1.0,1.0,3
3647118c0bdd11eba7f7acde48001122,0.5,0.5,0.5,0.5,0.5,0.5,0.5,3
d6074911090011ebbdadac1f6bf848b6,1.0,0.0,0.5,0.5,1.0,1.0,1.0,2
146b7443086611ebbd5eac1f6bf848b6,1.0,0.0,1.0,1.0,1.0,1.0,1.0,2
ea1fc06c0bda11eba7f7acde48001122,0.5,1.0,0.5,0.0,1.0,1.0,0.5,2
00c75ffc0bde11eba7f7acde48001122,0.5,0.5,0.0,0.5,0.5,0.5,0.5,2
94198d580bb011ebab90acde48001122,0.5,1.0,1.0,1.0,1.0,1.0,1.0,2
71d8e20e0bdb11eba7f7acde48001122,0.5,1.0,0.5,0.5,0.5,0.5,0.5,3
0323cdea090d11ebbdadac1f6bf848b6,1.0,0.0,0.5,0.5,1.0,1.0,1.0,2
f7c153ce092e11ebbdaeac1f6bf848b6,1.0,0.0,0.5,1.0,1.0,1.0,1.0,2
0f44750808e411ebbda4ac1f6bf848b6,1.0,0.5,0.5,1.0,0.5,1.0,1.0,3
e701105e0bdd11eba7f7acde48001122,0.5,0.0,0.5,0.0,0.5,0.5,0.5,2
b5e9ef2c0bdd11eba7f7acde48001122,0.5,0.5,0.5,0.0,0.5,0.5,0.5,2
48c8f7f80bdd11eba7f7acde48001122,0.5,0.5,0.5,0.5,0.5,0.5,0.5,3
aa0370860bdb11eba7f7acde48001122,0.5,0.5,1.0,0.5,1.0,1.0,1.0,2
a5bed06e0bdc11eba7f7acde48001122,0.5,0.5,0.0,0.0,0.5,0.5,0.5,2
d13381ae08da11ebbd9cac1f6bf848b6,1.0,0.0,1.0,0.5,0.5,1.0,1.0,3
2294ccfc0bdc11eba7f7acde48001122,0.5,0.5,1.0,1.0,0.5,1.0,1.0,3
e8d8f7200bdd11eba7f7acde48001122,0.5,0.5,0.5,0.5,0.5,0.5,0.5,2
c2ccbd23087811ebbd67ac1f6bf848b6,1.0,0.0,0.5,0.0,1.0,1.0,1.0,3
cf06000e094611ebbdaeac1f6bf848b6,1.0,0.0,0.5,0.5,0.5,1.0,1.0,3
844fe30c0bda11eba7f7acde48001122,0.5,0.5,0.5,0.5,0.5,0.5,0.5,2
c32ac4ca0bda11eba7f7acde48001122,0.5,0.5,0.5,0.5,0.5,0.5,0.5,2
6021e2d80bde11eba7f7acde48001122,0.5,1.0,1.0,0.5,1.0,1.0,1.0,3
8eaa7497095c11ebbdaeac1f6bf848b6,1.0,0.0,0.5,0.5,1.0,1.0,1.0,2
b5b63b160bdb11eba7f7acde48001122,0.5,0.5,0.5,0.0,0.5,0.5,0.5,2
4b1b91720bde11eba7f7acde48001122,0.5,0.5,0.5,0.5,0.5,0.5,0.5,3
5bf96996085111ebbd58ac1f6bf848b6,1.0,0.0,0.5,1.0,1.0,1.0,1.0,2
0458640a0bdd11eba7f7acde48001122,1.0,1.0,1.0,0.0,1.0,1.0,1.0,2
94dd39d80bdd11eba7f7acde48001122,0.5,0.5,0.5,0.0,0.5,0.5,0.5,3
abc68a180bd911eba7f7acde48001122,1.0,0.5,0.5,0.0,0.5,0.5,0.5,3
363279db08d011ebbd95ac1f6bf848b6,0.5,0.25,0.25,0.25,0.5,0.5,0.5,3
bbccb00a08c211ebbd8cac1f6bf848b6,0.25,0.25,0.5,0.25,0.5,0.5,0.25,2
5c77f7ed08ac11ebbd82ac1f6bf848b6,1.0,0.0,1.0,1.0,1.0,1.0,1.0,2
b4e780a5088f11ebbd72ac1f6bf848b6,1.0,0.0,1.0,0.0,1.0,1.0,1.0,3
97ce0ec00baf11ebab90acde48001122,0.5,0.5,0.5,0.0,0.5,0.5,0.5,2
69a7e9ca08e011ebbda1ac1f6bf848b6,0.25,0.25,0.25,0.75,0.75,0.75,0.75,2
04a544a40bde11eba7f7acde48001122,0.5,0.5,0.5,0.0,0.5,0.5,0.5,3
4f49c369098d11ebbdb0ac1f6bf848b6,0.5,1.0,1.0,0.0,1.0,1.0,1.0,2
a982212e08a311ebbd7bac1f6bf848b6,1.0,0.5,0.5,0.5,1.0,1.0,1.0,2
c30b9f8108b211ebbd85ac1f6bf848b6,1.0,1.0,1.0,1.0,1.0,1.0,1.0,3
a08505d20bdc11eba7f7acde48001122,0.5,0.5,0.5,0.5,0.5,0.5,0.5,3
982f8e440bdb11eba7f7acde48001122,0.5,0.5,0.5,0.5,0.5,0.5,0.5,2
5142f59e0bda11eba7f7acde48001122,1.0,1.0,0.5,0.0,0.5,1.0,0.5,2
041581680bdc11eba7f7acde48001122,0.5,1.0,1.0,1.0,0.5,1.0,1.0,2
ad43c9300bdb11eba7f7acde48001122,1.0,0.5,0.5,1.0,1.0,1.0,1.0,3
5839dbac0bde11eba7f7acde48001122,0.0,0.5,0.5,0.0,0.5,0.5,0.5,2
22d296de0bde11eba7f7acde48001122,0.5,0.5,0.0,0.0,0.5,0.5,0.5,2
ae85fcce089411ebbd75ac1f6bf848b6,0.5,0.25,0.25,0.25,0.5,0.5,0.5,3
c01a2fa8087111ebbd63ac1f6bf848b6,0.5,0.25,0.25,0.5,0.5,0.75,0.75,2
9c3ff1040bdb11eba7f7acde48001122,0.5,0.5,0.5,0.0,0.5,0.5,0.5,2
81ca57e60bdc11eba7f7acde48001122,0.5,0.5,0.5,0.5,0.5,0.5,0.5,2
dc6985ea096211ebbdafac1f6bf848b6,1.0,1.0,1.0,0.5,1.0,1.0,1.0,2
30ee74680bde11eba7f7acde48001122,0.5,0.5,0.5,0.5,0.5,0.5,0.5,3
f491b33e0bda11eba7f7acde48001122,0.5,0.5,0.5,0.0,0.5,0.5,0.5,2
5b637e060bb011ebab90acde48001122,0.5,0.5,0.5,0.5,0.5,0.5,0.5,2
1a2188840bb011ebab90acde48001122,1.0,0.5,0.5,0.5,0.5,0.5,0.5,3
d1fd9cbe0bdc11eba7f7acde48001122,0.5,0.5,0.5,0.0,0.5,0.5,0.5,2
909aa544086411ebbd5eac1f6bf848b6,0.5,0.0,0.25,0.25,0.25,0.5,0.25,3
47806bc308c411ebbd8eac1f6bf848b6,1.0,0.5,1.0,0.5,0.5,1.0,1.0,3
f6e2b9280bdd11eba7f7acde48001122,0.5,0.5,0.5,0.5,0.5,0.5,0.5,3
ce5bfc90086c11ebbd61ac1f6bf848b6,0.5,0.5,0.5,0.5,0.5,0.5,0.5,3
e6688a7e0baf11ebab90acde48001122,0.5,0.0,0.5,0.5,0.5,0.5,0.5,2
3e3cd62a086211ebbd5dac1f6bf848b6,1.0,0.5,0.5,0.5,1.0,1.0,1.0,2
9b2ccd4e088b11ebbd6fac1f6bf848b6,0.5,0.5,0.5,0.25,0.5,0.5,0.5,2
49ec1ade0bdd11eba7f7acde48001122,0.5,0.5,0.5,0.5,0.5,0.5,0.5,2
beda709d090e11ebbdadac1f6bf848b6,1.0,0.0,0.5,0.5,1.0,1.0,1.0,2
7d94382208d011ebbd95ac1f6bf848b6,1.0,0.0,0.5,0.0,0.5,1.0,1.0,3
e4e02a240bda11eba7f7acde48001122,0.5,0.5,0.5,0.5,0.5,0.5,0.5,3
49a5c36b086111ebbd5dac1f6bf848b6,0.5,0.0,0.25,0.25,0.5,0.5,0.5,2
fa58491e084b11ebbd56ac1f6bf848b6,1.0,0.0,1.0,0.5,0.5,1.0,1.0,3
8223ad8e097811ebbdb0ac1f6bf848b6,0.5,0.5,0.5,0.5,0.5,0.5,0.5,2
8f8aaf0b088711ebbd6dac1f6bf848b6,1.0,0.0,0.5,1.0,1.0,1.0,1.0,2
c9b515020bda11eba7f7acde48001122,0.5,0.5,0.5,0.0,0.5,0.5,0.5,2
652d7dac0bdc11eba7f7acde48001122,0.5,0.5,0.5,0.5,0.5,0.5,0.5,3
2b7db0200bde11eba7f7acde48001122,0.5,1.0,1.0,0.5,1.0,1.0,1.0,2
437f3b9a0bdd11eba7f7acde48001122,0.5,0.0,0.5,0.5,0.5,0.5,0.5,3
37c6703a0bdc11eba7f7acde48001122,0.5,0.5,0.5,0.5,0.5,0.5,0.5,2
e7f8e98808a311ebbd7cac1f6bf848b6,0.5,0.0,0.25,0.5,0.5,0.5,0.5,2
618527ff089911ebbd77ac1f6bf848b6,0.5,0.0,0.25,0.0,0.25,0.5,0.5,3
86b7e74808e211ebbda4ac1f6bf848b6,1.0,0.5,0.5,0.5,0.5,1.0,1.0,3
68cb7bc00bdd11eba7f7acde48001122,0.5,0.5,0.5,0.0,0.5,0.5,0.5,2
74207b920bdd11eba7f7acde48001122,0.5,0.5,0.5,0.5,0.5,0.5,0.5,2
00c727580bde11eba7f7acde48001122,0.5,1.0,1.0,0.0,0.5,1.0,1.0,3
4e84cd2d08bb11ebbd88ac1f6bf848b6,1.0,0.0,0.5,0.5,0.5,1.0,1.0,3
dc68effd08d811ebbd9cac1f6bf848b6,1.0,0.5,0.5,1.0,1.0,1.0,1.0,3
c21fb3ab08a711ebbd7fac1f6bf848b6,0.25,0.0,0.0,0.0,0.25,0.25,0.25,3
33b0c274087211ebbd64ac1f6bf848b6,0.5,0.0,0.0,0.5,0.5,0.5,0.25,2
77f41ab20bb011ebab90acde48001122,0.5,0.5,1.0,0.5,0.5,0.5,0.5,3
b1b78c480bdd11eba7f7acde48001122,1.0,1.0,1.0,1.0,1.0,1.0,1.0,3
09762e08087311ebbd66ac1f6bf848b6,0.5,0.0,0.25,0.25,0.25,0.25,0.25,2
f1145dc6084f11ebbd56ac1f6bf848b6,0.25,0.0,0.0,0.5,0.5,0.5,0.5,2
3c68e44c0bdc11eba7f7acde48001122,0.5,0.5,0.5,0.5,0.5,0.5,0.5,3
027970120bdc11eba7f7acde48001122,0.5,0.5,0.5,0.5,0.5,0.5,0.5,3
eebc066c08c411ebbd8eac1f6bf848b6,0.25,0.5,0.25,0.0,0.5,0.5,0.5,2
94873b220bd911eba7f7acde48001122,0.5,0.5,0.0,0.0,0.0,0.5,0.5,2
20ddd33208ca11ebbd92ac1f6bf848b6,1.0,1.0,0.5,0.5,1.0,1.0,1.0,2
26b866e6085c11ebbd5cac1f6bf848b6,0.5,0.25,0.25,0.25,0.25,0.5,0.25,3
ece1bdae0bdb11eba7f7acde48001122,0.5,0.5,0.5,0.5,0.5,0.5,0.5,3
0a630db408c211ebbd8bac1f6bf848b6,0.5,0.0,0.25,0.0,0.5,0.5,0.5,3
6e5e9de109af11ebbdb0ac1f6bf848b6,1.0,0.5,0.5,0.5,0.5,1.0,0.5,3
2fd031c00bde11eba7f7acde48001122,0.5,0.5,0.5,0.5,0.5,0.5,0.5,2
09b7d46a0bda11eba7f7acde48001122,0.5,0.5,0.5,0.5,0.5,0.5,0.5,2
c5601df108a411ebbd7dac1f6bf848b6,0.5,0.0,0.25,0.25,0.5,0.5,0.5,2
61d1f6900bde11eba7f7acde48001122,0.5,0.5,0.5,0.5,0.5,0.5,0.5,2
c3c76b780bd911eba7f7acde48001122,1.0,1.0,0.0,1.0,1.0,1.0,1.0,2
2e13ff240bde11eba7f7acde48001122,0.5,0.5,0.5,0.0,0.5,0.5,0.5,3
c40d35580bda11eba7f7acde48001122,0.5,0.0,0.5,0.5,0.5,0.5,0.5,2
2cf578340bde11eba7f7acde48001122,1.0,1.0,1.0,1.0,1.0,1.0,1.0,3
79675c6e0bd911eba7f7acde48001122,0.5,0.5,0.5,0.5,0.5,0.5,0.5,3
30885e540bb011ebab90acde48001122,0.5,0.5,0.5,0.5,0.5,0.5,0.5,3
6e4854a00bde11eba7f7acde48001122,1.0,0.5,0.5,0.0,0.5,0.5,0.5,3
421b26d80bb011ebab90acde48001122,0.5,0.5,0.5,0.5,0.5,0.5,0.5,2
140fbeda08c611ebbd90ac1f6bf848b6,0.5,0.0,0.25,0.25,0.5,0.5,0.5,2
43eb7b380bde11eba7f7acde48001122,0.5,0.5,0.5,0.5,0.5,0.5,0.5,3
e5d895ee0bdd11eba7f7acde48001122,0.5,0.5,0.5,0.5,0.5,0.5,0.5,2
286321f00bb011ebab90acde48001122,1.0,1.0,1.0,1.0,1.0,1.0,1.0,3
5d000d7908be11ebbd8aac1f6bf848b6,0.5,0.0,0.25,0.5,0.25,0.5,0.5,3
5e60d12e0bda11eba7f7acde48001122,0.5,0.5,0.5,0.5,0.5,0.5,0.0,3
d133120e0bdd11eba7f7acde48001122,0.5,0.5,0.0,0.5,0.5,0.5,0.5,3
5eff3f9a0bd911eba7f7acde48001122,0.5,0.0,0.0,0.0,0.0,0.0,0.0,2
27987581093611ebbdaeac1f6bf848b6,1.0,0.0,1.0,0.5,0.5,1.0,1.0,2
87154f1e0bda11eba7f7acde48001122,0.5,0.5,0.5,0.0,0.5,0.5,0.5,2
a6d861000bdb11eba7f7acde48001122,0.5,0.5,0.5,0.5,0.5,0.5,0.5,3
5d8037920bb011ebab90acde48001122,0.5,0.5,0.0,0.0,0.5,0.5,0.5,2
6e5f2a2e085d11ebbd5cac1f6bf848b6,0.25,0.25,0.5,0.25,0.25,0.5,0.5,2
1d4139960bde11eba7f7acde48001122,0.5,0.5,0.5,0.5,0.5,0.5,0.5,2
eec16bb008c011ebbd8aac1f6bf848b6,0.5,0.0,0.25,0.5,0.5,0.5,0.5,2
4039b1be08d511ebbd98ac1f6bf848b6,0.5,0.0,0.5,0.25,0.5,0.5,0.5,3
8ba63ce8098f11ebbdb0ac1f6bf848b6,1.0,0.0,0.5,1.0,1.0,1.0,1.0,2
5a5718140bde11eba7f7acde48001122,0.5,0.5,0.5,0.5,0.5,0.5,0.5,2
ce4f63cc0bdc11eba7f7acde48001122,0.5,0.5,0.5,0.5,0.5,0.5,0.5,2
671322a00bde11eba7f7acde48001122,0.5,0.5,0.5,0.5,0.5,0.5,0.5,2
231d667c0bda11eba7f7acde48001122,0.0,0.5,0.5,0.5,0.5,0.5,0.5,2
9f62be2008ac11ebbd83ac1f6bf848b6,1.0,1.0,1.0,0.5,1.0,1.0,1.0,3
f86dd5180bdb11eba7f7acde48001122,0.5,0.5,0.5,0.5,0.5,0.5,0.5,2
c9eb430908c311ebbd8dac1f6bf848b6,0.5,0.25,0.0,0.25,0.25,0.25,0.25,2
39ca32a80bdd11eba7f7acde48001122,0.5,0.5,1.0,1.0,0.5,0.5,0.5,2
a02009fa085c11ebbd5cac1f6bf848b6,1.0,0.0,0.5,1.0,1.0,1.0,1.0,2
047992200bdc11eba7f7acde48001122,0.5,0.5,0.5,0.5,0.5,0.5,0.5,3
a5f0b646088b11ebbd6fac1f6bf848b6,0.25,0.0,0.25,0.25,0.5,0.5,0.5,3
befbd60c0bdd11eba7f7acde48001122,1.0,1.0,1.0,1.0,1.0,1.0,1.0,2
ca4b497d08c511ebbd8fac1f6bf848b6,0.5,0.5,0.0,0.5,0.25,0.5,0.5,3
4c070b620bb011ebab90acde48001122,0.5,0.5,0.5,0.5,0.5,0.5,0.5,3
18d4a1f8085611ebbd59ac1f6bf848b6,0.5,0.25,0.25,0.25,0.5,0.5,0.5,3
43208df60bde11eba7f7acde48001122,0.5,0.5,0.0,0.5,0.5,0.5,0.5,3
987e4ee80baf11ebab90acde48001122,0.5,0.5,1.0,0.5,1.0,1.0,1.0,3
cfb486e208b311ebbd86ac1f6bf848b6,0.5,0.0,0.0,0.5,0.5,0.5,0.5,3
44e72de60bdb11eba7f7acde48001122,0.5,0.5,0.5,0.5,1.0,1.0,1.0,3
2ec36c440bb011ebab90acde48001122,0.5,0.5,0.5,0.5,0.5,0.5,0.5,2
b035afca0bd911eba7f7acde48001122,0.5,0.5,0.5,0.5,0.5,0.5,0.5,2
0856e5d4085b11ebbd5cac1f6bf848b6,0.5,0.0,0.0,0.25,0.5,0.5,0.5,2
051f62de0bde11eba7f7acde48001122,1.0,0.5,0.5,0.5,0.5,0.5,0.5,3
1734c9b60baf11ebab90acde48001122,0.5,0.5,0.5,0.5,0.5,0.5,0.5,3
9893834c092711ebbdaeac1f6bf848b6,1.0,0.0,0.5,0.5,1.0,1.0,1.0,2
0a71ec9f08e511ebbda4ac1f6bf848b6,1.0,0.0,0.5,0.5,1.0,1.0,1.0,3
1187c9080bde11eba7f7acde48001122,0.5,0.5,0.5,0.5,0.5,0.5,0.5,2
7de481100baf11ebab90acde48001122,0.5,1.0,0.0,0.5,0.5,0.5,0.0,3
e95acdbc085f11ebbd5dac1f6bf848b6,0.5,0.5,0.0,0.0,0.5,0.5,0.5,3
d3949a8e08c111ebbd8bac1f6bf848b6,1.0,0.0,0.5,0.5,0.5,1.0,1.0,3
c51148bc0bdb11eba7f7acde48001122,0.5,0.5,0.5,0.5,0.5,0.5,0.5,3
6e9a0d6a08eb11ebbda7ac1f6bf848b6,1.0,1.0,0.5,1.0,1.0,1.0,1.0,2
aa9aee6908f011ebbda8ac1f6bf848b6,1.0,0.5,0.5,0.5,1.0,1.0,1.0,3
be0a16240baf11ebab90acde48001122,0.5,0.5,0.0,0.5,0.0,0.0,0.0,3
2b81511c0bde11eba7f7acde48001122,1.0,1.0,1.0,1.0,0.0,1.0,1.0,2
e1228e9f08ca11ebbd92ac1f6bf848b6,0.5,0.25,0.0,0.25,0.5,0.5,0.5,2
ea9832140bd911eba7f7acde48001122,0.5,0.5,0.5,0.5,0.5,0.5,0.5,3
e3385f6c084b11ebbd56ac1f6bf848b6,0.5,0.0,0.0,0.25,0.25,0.5,0.5,3
b677b1f8089611ebbd76ac1f6bf848b6,0.25,0.25,0.0,0.25,0.5,0.5,0.25,2
772c5c660bb011ebab90acde48001122,0.5,0.0,0.5,0.5,0.5,0.5,0.5,2
0ac40d780bdb11eba7f7acde48001122,0.5,0.5,0.5,0.0,0.5,0.5,0.5,2
2684ee04099411ebbdb0ac1f6bf848b6,1.0,0.5,0.5,1.0,1.0,1.0,0.5,2
122b64480baf11ebab90acde48001122,0.5,1.0,1.0,0.5,0.5,1.0,1.0,3
e1f0c38c0bda11eba7f7acde48001122,0.5,0.0,0.5,0.0,0.5,0.5,0.5,2
1dd18a37086a11ebbd5fac1f6bf848b6,0.5,0.0,0.0,0.0,0.5,0.5,0.5,2
e5bdd71f08d011ebbd95ac1f6bf848b6,1.0,0.5,1.0,1.0,1.0,1.0,1.0,2
44da8153093011ebbdaeac1f6bf848b6,1.0,0.0,0.5,0.0,1.0,1.0,1.0,2
ddacf7580baf11ebab90acde48001122,0.5,0.0,0.0,0.0,0.0,0.0,0.0,2
d9b00ab80bdd11eba7f7acde48001122,0.5,0.5,0.5,0.0,0.5,0.5,0.5,2
6f8bb027090811ebbdadac1f6bf848b6,1.0,0.5,1.0,0.5,1.0,1.0,1.0,2
700dfeea0baf11ebab90acde48001122,0.5,0.0,0.0,0.5,0.0,0.0,0.0,2
4216f41a08df11ebbda0ac1f6bf848b6,1.0,0.0,0.5,0.5,1.0,1.0,1.0,2
c370b4540bd911eba7f7acde48001122,1.0,1.0,1.0,1.0,1.0,1.0,1.0,3
880e5d0c088d11ebbd70ac1f6bf848b6,0.25,0.5,0.0,0.0,0.5,0.5,0.5,2
b3d918160bdd11eba7f7acde48001122,0.5,0.5,0.5,0.5,0.5,0.5,0.5,3
142afa360bde11eba7f7acde48001122,0.5,1.0,0.5,0.0,1.0,1.0,1.0,2
b8ef144a0bdd11eba7f7acde48001122,0.5,0.5,0.5,0.0,0.5,0.5,0.5,3
8c82acb20bda11eba7f7acde48001122,0.5,1.0,1.0,1.0,1.0,1.0,1.0,3
b7e9eb98085311ebbd59ac1f6bf848b6,0.5,0.0,0.5,0.25,0.25,0.5,0.5,3
ef7aac32088511ebbd6dac1f6bf848b6,0.5,0.0,0.0,0.5,0.5,0.5,0.5,2
6ae076e40bde11eba7f7acde48001122,1.0,1.0,1.0,1.0,1.0,1.0,1.0,3
69e2bbe0094411ebbdaeac1f6bf848b6,1.0,0.0,0.5,0.5,1.0,1.0,1.0,3
09945977084d11ebbd56ac1f6bf848b6,1.0,0.0,0.5,0.5,1.0,1.0,1.0,2
6b5393240bdc11eba7f7acde48001122,0.5,0.5,0.5,0.0,0.5,0.5,0.5,2
3d3bc0720bde11eba7f7acde48001122,1.0,1.0,1.0,1.0,1.0,1.0,1.0,3
b411910a0bdd11eba7f7acde48001122,0.5,0.5,0.0,0.5,0.5,0.5,0.5,3
cf6f5bbe08cf11ebbd95ac1f6bf848b6,0.5,0.0,0.5,0.25,0.5,0.5,0.5,3
015d47a908a811ebbd7fac1f6bf848b6,0.5,0.0,0.5,0.5,0.5,0.5,0.5,2
d9e3f4aa0bdc11eba7f7acde48001122,0.0,0.5,0.5,0.5,0.5,0.5,0.5,3
6d79d267087211ebbd65ac1f6bf848b6,1.0,0.5,0.5,0.5,1.0,1.0,1.0,3
3068a40c0baf11ebab90acde48001122,0.5,0.5,0.5,0.5,0.5,0.5,0.5,3
b0b7f3700bdb11eba7f7acde48001122,0.5,0.5,0.5,0.5,0.5,0.5,0.5,2
203b441208db11ebbd9cac1f6bf848b6,0.25,0.0,0.25,0.0,0.25,0.25,0.25,2
47c32ef1089511ebbd75ac1f6bf848b6,0.5,0.5,0.5,0.5,0.5,0.5,0.5,2
6900298c0bde11eba7f7acde48001122,0.5,0.5,0.5,0.5,0.5,0.5,0.5,2
ac1b9ee108b911ebbd88ac1f6bf848b6,1.0,0.0,1.0,0.5,0.5,1.0,1.0,3
215f53a00bde11eba7f7acde48001122,0.5,0.5,0.5,0.5,0.5,0.5,0.5,3
9c24e2900bdd11eba7f7acde48001122,0.5,0.5,0.5,0.5,0.5,0.5,0.5,2
2c0d754e0bb011ebab90acde48001122,0.5,0.5,0.5,0.0,0.0,0.5,0.5,3
08de5d000baf11ebab90acde48001122,0.5,1.0,1.0,0.0,1.0,1.0,0.0,2
096e14a20bde11eba7f7acde48001122,1.0,1.0,1.0,0.5,1.0,1.0,0.5,3
d4a23f020bdb11eba7f7acde48001122,0.5,0.5,0.5,0.0,0.5,0.5,0.5,2
68de4616088a11ebbd6fac1f6bf848b6,0.25,0.0,0.0,0.0,0.5,0.5,0.5,2
22ea14cd08ef11ebbda8ac1f6bf848b6,1.0,0.0,0.5,1.0,1.0,1.0,1.0,2
96d29e2c0bdd11eba7f7acde48001122,0.5,0.5,0.5,0.5,0.5,0.5,0.5,3
5c2a37a20bd911eba7f7acde48001122,0.5,0.5,0.5,0.5,1.0,1.0,1.0,2
534cb9fe0baf11ebab90acde48001122,0.5,0.5,0.5,0.5,0.5,0.5,0.5,3
c933c15308c711ebbd91ac1f6bf848b6,0.5,0.0,0.0,0.5,0.5,0.5,0.5,2
73c0065c0bda11eba7f7acde48001122,0.5,0.5,0.5,0.5,0.5,0.5,0.5,3
88adf4ed089511ebbd75ac1f6bf848b6,0.5,0.0,0.5,0.0,0.5,0.5,0.5,2
575babe4087711ebbd67ac1f6bf848b6,0.25,0.5,0.25,0.5,0.5,0.5,0.25,2
3712624a08dd11ebbd9dac1f6bf848b6,0.5,0.25,0.0,0.5,0.5,0.5,0.5,2
62ce8c8e0bde11eba7f7acde48001122,0.5,0.5,0.5,0.5,0.5,0.5,0.5,2
bb8e4d040bda11eba7f7acde48001122,0.5,0.5,0.5,0.5,0.5,0.5,0.5,2
b8d121ba099d11ebbdb0ac1f6bf848b6,1.0,0.0,1.0,0.0,1.0,1.0,1.0,3
ad437572089811ebbd77ac1f6bf848b6,1.0,1.0,0.5,0.5,0.0,1.0,1.0,3
d670b0ac08b111ebbd85ac1f6bf848b6,1.0,0.0,1.0,1.0,1.0,1.0,1.0,2
ea29ce5a0bd911eba7f7acde48001122,0.5,0.0,0.5,0.5,0.5,0.5,0.5,3
4c61cd2c088111ebbd6dac1f6bf848b6,0.75,0.0,0.0,0.0,0.75,0.75,0.5,2
184e352008db11ebbd9cac1f6bf848b6,0.5,0.5,0.25,0.0,0.5,0.5,0.5,2
1f3ea3b00bb011ebab90acde48001122,1.0,0.5,0.5,0.0,0.5,0.5,0.5,2
253e36700bda11eba7f7acde48001122,0.5,0.5,0.5,0.0,0.5,0.5,0.0,3
3641d5c60bda11eba7f7acde48001122,0.5,0.5,0.5,0.5,0.5,0.5,0.5,2
6e3e70200bde11eba7f7acde48001122,0.5,0.5,0.5,0.5,0.5,0.5,0.5,2
967b39ca0bdd11eba7f7acde48001122,0.5,0.5,0.5,0.5,0.5,0.5,0.5,2
3b9299900bdd11eba7f7acde48001122,0.5,0.5,0.5,0.5,0.5,0.5,0.5,3
1900f7600baf11ebab90acde48001122,0.5,0.5,0.5,0.5,0.5,0.5,0.5,2
859991680bda11eba7f7acde48001122,0.5,0.5,0.5,0.5,0.5,0.5,0.5,3
6fbdeee60bdc11eba7f7acde48001122,0.5,0.5,0.5,0.5,0.5,0.5,0.5,3
28ad4ad0092a11ebbdaeac1f6bf848b6,0.5,0.0,0.5,0.5,1.0,1.0,1.0,2
95d37580085b11ebbd5cac1f6bf848b6,0.5,0.0,0.25,0.5,0.25,0.5,0.5,3
a0ae26f60baf11ebab90acde48001122,0.5,0.5,0.5,0.5,0.5,0.5,0.5,3
450019aa08b111ebbd85ac1f6bf848b6,0.5,0.0,0.0,0.25,0.5,0.5,0.5,3
b051c536089e11ebbd78ac1f6bf848b6,0.5,0.0,0.0,0.0,0.5,0.5,0.5,2
df25946e08b211ebbd85ac1f6bf848b6,0.5,0.25,0.25,0.25,0.5,0.5,0.5,2
1d0cd6e80bdd11eba7f7acde48001122,0.5,0.5,0.5,0.5,0.5,0.5,0.5,2
f88912f008da11ebbd9cac1f6bf848b6,0.5,0.0,0.0,0.25,0.5,0.5,0.5,2
33b51db508af11ebbd83ac1f6bf848b6,0.5,0.0,0.5,0.0,0.25,0.25,0.25,2
9cdd635f093911ebbdaeac1f6bf848b6,1.0,0.0,0.5,1.0,1.0,1.0,1.0,2
c818d9480baf11ebab90acde48001122,0.5,0.5,0.5,0.5,0.5,0.5,0.5,2
b26e04e80bdb11eba7f7acde48001122,0.5,0.5,0.5,0.5,0.5,0.5,0.5,2
eb7ece320bdd11eba7f7acde48001122,0.5,0.5,0.5,0.5,0.5,0.5,0.5,3
f9c02a8c085d11ebbd5cac1f6bf848b6,0.5,0.0,0.0,0.5,0.25,0.5,0.5,3
5affe63d08f311ebbdaaac1f6bf848b6,1.0,0.0,0.5,0.5,0.5,1.0,1.0,3
ec8167b208a011ebbd78ac1f6bf848b6,0.25,0.0,0.25,0.5,0.5,0.5,0.5,2
fb823a6f08f711ebbdaaac1f6bf848b6,1.0,0.0,1.0,1.0,0.5,1.0,1.0,3
747175620bdb11eba7f7acde48001122,0.5,0.5,0.5,0.5,0.5,0.5,0.5,3
9766cddc0bdc11eba7f7acde48001122,0.5,0.5,0.5,0.5,0.5,0.5,0.5,2
f13a163908b311ebbd86ac1f6bf848b6,1.0,0.0,0.5,1.0,1.0,1.0,1.0,2
36a3fe2a0baf11ebab90acde48001122,0.5,0.5,0.0,0.5,0.0,0.0,0.0,2
12c631c1088b11ebbd6fac1f6bf848b6,0.25,0.0,0.25,0.25,0.25,0.25,0.25,3
b96acba808f911ebbdaaac1f6bf848b6,1.0,1.0,0.5,0.5,1.0,1.0,1.0,3
c5315db80baf11ebab90acde48001122,0.5,0.5,0.5,0.5,1.0,1.0,0.5,3
3c44771e08b211ebbd85ac1f6bf848b6,1.0,0.5,0.5,0.5,1.0,1.0,1.0,2
200e7a01087611ebbd67ac1f6bf848b6,0.5,0.0,0.25,0.25,0.25,0.5,0.25,3
8e07f1f00bda11eba7f7acde48001122,0.5,0.5,0.5,0.5,0.5,0.5,0.5,2
d6be0cee0bdb11eba7f7acde48001122,0.5,0.5,0.5,0.5,0.5,0.5,0.5,2
4aa187080baf11ebab90acde48001122,0.5,0.5,0.0,0.0,0.0,0.5,0.0,2
11963eee0bb011ebab90acde48001122,0.5,0.5,0.5,1.0,0.5,0.5,0.5,3
77f3d9300bb011ebab90acde48001122,0.5,0.5,0.5,0.5,0.5,0.5,0.5,3
feea4eb5086411ebbd5eac1f6bf848b6,0.5,0.0,0.0,0.0,0.5,0.5,0.25,3
a9a4b633089c11ebbd78ac1f6bf848b6,0.5,0.0,0.0,0.25,0.5,0.5,0.25,2
f64be57a0bdd11eba7f7acde48001122,0.5,0.5,0.0,0.5,0.5,0.5,0.5,2
6c2aa97108d711ebbd9aac1f6bf848b6,0.5,0.0,0.0,0.25,0.5,0.5,0.5,2
a5b095c00bdd11eba7f7acde48001122,0.5,0.5,0.5,0.5,0.5,0.5,0.5,2
8471ae5808d111ebbd95ac1f6bf848b6,0.5,0.0,0.25,0.5,0.25,0.5,0.5,3
769106c40bda11eba7f7acde48001122,0.5,0.5,0.5,1.0,1.0,1.0,1.0,3
5a83ed2f086611ebbd5eac1f6bf848b6,0.5,0.5,0.0,0.5,0.5,0.5,0.5,2
3a3c2efe0bdc11eba7f7acde48001122,0.5,0.5,0.0,0.0,0.5,0.5,0.5,3
b25687fa090011ebbdadac1f6bf848b6,1.0,0.5,0.5,0.5,0.5,1.0,1.0,3
b8e9d716088411ebbd6dac1f6bf848b6,0.25,0.25,0.25,0.5,0.0,0.25,0.25,3
3d03e0260bde11eba7f7acde48001122,1.0,1.0,1.0,1.0,1.0,1.0,1.0,2
8ac9de5608e011ebbda1ac1f6bf848b6,0.5,0.0,0.0,0.0,0.5,0.5,0.5,2
04b5e0320bdb11eba7f7acde48001122,0.5,0.5,0.5,0.5,0.5,0.5,0.5,2
eded9bbf08de11ebbd9fac1f6bf848b6,0.5,0.0,0.25,0.0,0.5,0.5,0.5,2
f872fe92096c11ebbdafac1f6bf848b6,1.0,0.0,0.5,0.5,1.0,1.0,0.5,2
4ce1d27b08bc11ebbd88ac1f6bf848b6,0.5,0.0,0.0,0.25,0.25,0.5,0.5,3
4a9acefe0baf11ebab90acde48001122,1.0,0.5,0.5,0.5,0.5,0.5,0.5,3
c8c9313a0baf11ebab90acde48001122,0.5,0.5,0.0,0.5,0.5,1.0,0.5,3
c1b9c0ac0bdd11eba7f7acde48001122,0.5,0.5,0.0,0.0,0.5,0.5,0.5,2
ab18549a0bdc11eba7f7acde48001122,0.5,0.5,0.5,0.5,0.5,0.5,0.5,3
2d907ba60bdc11eba7f7acde48001122,0.5,0.5,0.5,0.5,0.5,0.5,0.5,2
8c26eb3b087f11ebbd6cac1f6bf848b6,1.0,0.5,1.0,0.5,1.0,1.0,1.0,3
1efc66b60bde11eba7f7acde48001122,0.5,0.5,0.5,0.5,0.5,0.5,0.5,3
5f5002360bd911eba7f7acde48001122,0.5,0.0,0.5,0.5,0.5,0.5,0.5,2
f7b1002b099a11ebbdb0ac1f6bf848b6,1.0,0.5,1.0,0.0,1.0,1.0,1.0,3
363d81df08d211ebbd95ac1f6bf848b6,0.5,0.0,0.0,0.0,0.5,0.5,0.5,3
9e68cdc20bd911eba7f7acde48001122,0.5,0.5,0.5,0.5,1.0,1.0,1.0,2
1655fd7a0bdd11eba7f7acde48001122,1.0,1.0,1.0,1.0,1.0,1.0,1.0,2
1b91365c08a311ebbd7bac1f6bf848b6,1.0,0.5,1.0,0.5,0.5,1.0,1.0,3
eeb017fa0bdd11eba7f7acde48001122,1.0,1.0,0.5,1.0,1.0,1.0,1.0,3
565f05fc0bdc11eba7f7acde48001122,0.5,0.5,0.5,0.5,0.5,0.5,0.5,3
7cc68442092811ebbdaeac1f6bf848b6,1.0,0.0,0.5,0.5,1.0,1.0,1.0,2
ef4907cc0baf11ebab90acde48001122,0.5,0.5,0.5,0.5,0.5,0.5,0.5,3
ba773ad00bd911eba7f7acde48001122,0.5,0.5,0.5,0.5,0.5,0.5,0.5,2
31bfa49208e711ebbda5ac1f6bf848b6,1.0,0.5,0.5,0.5,0.5,1.0,1.0,3
8f2b2975088a11ebbd6fac1f6bf848b6,0.5,0.0,0.25,0.25,0.5,0.5,0.5,3
90bad89e0bdb11eba7f7acde48001122,0.5,0.5,0.5,0.5,0.5,0.5,0.5,2
6c7f03240bdb11eba7f7acde48001122,0.5,0.5,0.5,0.5,0.5,0.5,0.5,2
bf06c94208a711ebbd7fac1f6bf848b6,0.5,0.0,0.25,0.25,0.5,0.75,0.75,3
e61479860bda11eba7f7acde48001122,0.5,0.5,0.5,0.5,0.5,0.5,0.5,2
dea2ea800bd911eba7f7acde48001122,0.5,0.5,0.5,0.5,0.5,0.5,0.5,3
b7de2a860bd911eba7f7acde48001122,0.5,0.0,0.5,0.5,0.5,0.5,0.5,2
bf9d9ad008a611ebbd7fac1f6bf848b6,0.25,0.5,0.25,0.25,0.25,0.5,0.5,2
5674c972095311ebbdaeac1f6bf848b6,0.5,0.0,0.5,0.5,0.5,1.0,0.5,3
dbcd3f5e0bd911eba7f7acde48001122,0.5,1.0,1.0,1.0,1.0,1.0,1.0,2
c789bc3b087211ebbd66ac1f6bf848b6,1.0,0.5,0.5,0.5,1.0,1.0,1.0,2
0c0830a00baf11ebab90acde48001122,0.5,0.0,0.0,0.5,0.5,0.5,0.5,3
960b5ec00bdd11eba7f7acde48001122,0.5,0.5,0.5,0.5,0.5,0.5,0.5,2
077b294e0bdb11eba7f7acde48001122,0.5,0.5,0.5,0.5,0.5,0.5,0.5,3
9e506db00bdc11eba7f7acde48001122,0.5,0.5,0.5,0.5,0.5,0.5,0.5,2
bac99ab40bd911eba7f7acde48001122,0.5,0.5,0.5,0.5,0.5,0.5,0.5,3
ab94845c0baf11ebab90acde48001122,0.5,0.5,0.5,0.5,0.5,0.5,0.5,2
6b3de52e0bdc11eba7f7acde48001122,0.5,0.5,0.5,0.0,0.5,0.5,0.5,3
1bd49ae00bdd11eba7f7acde48001122,0.5,0.5,0.5,0.5,0.5,0.5,0.5,2
1837ca440bdb11eba7f7acde48001122,0.5,0.5,0.5,0.5,0.5,0.5,0.5,3
2dba81d80bde11eba7f7acde48001122,0.5,0.5,0.5,0.5,0.5,0.5,0.5,3
9977d29c0bdc11eba7f7acde48001122,0.5,0.5,0.0,0.5,0.5,0.5,0.5,2
ed27bca208ac11ebbd83ac1f6bf848b6,0.25,0.0,0.25,0.25,0.5,0.5,0.5,2
9aa8008408de11ebbd9eac1f6bf848b6,0.5,0.25,0.0,0.5,0.25,0.5,0.5,3
ebea9324087c11ebbd6aac1f6bf848b6,0.5,0.5,0.25,0.0,0.5,0.5,0.5,3
445f3df708b511ebbd88ac1f6bf848b6,1.0,1.0,0.5,1.0,0.5,1.0,1.0,3
774fa4e20bdc11eba7f7acde48001122,0.5,0.5,0.5,0.5,1.0,1.0,1.0,3
480b4ea408ba11ebbd88ac1f6bf848b6,0.5,0.25,0.25,0.25,0.5,0.5,0.5,2
a902a9b8089311ebbd75ac1f6bf848b6,0.5,0.0,0.0,0.0,0.5,0.5,0.25,2
3a2ab74c087f11ebbd6bac1f6bf848b6,0.5,0.25,0.0,0.25,0.5,0.5,0.5,2
c9c3137e0bd911eba7f7acde48001122,0.5,0.5,0.5,0.5,0.5,0.5,0.5,2
3cf8c6e0084c11ebbd56ac1f6bf848b6,0.5,0.25,0.0,0.25,0.25,0.25,0.25,2
1822cbb4089111ebbd72ac1f6bf848b6,0.5,0.0,0.0,0.25,0.25,0.5,0.5,3
0c585dbc0bde11eba7f7acde48001122,0.5,0.5,0.5,0.5,0.5,0.5,0.5,2
6a215c4808df11ebbda0ac1f6bf848b6,0.25,0.0,0.0,0.0,0.5,0.5,0.5,2
7534fd16096e11ebbdb0ac1f6bf848b6,1.0,0.0,0.5,0.5,1.0,1.0,1.0,2
ad6e5c1c0baf11ebab90acde48001122,0.5,0.5,0.5,0.0,0.5,0.5,0.5,2
b3f0c5ce0bdd11eba7f7acde48001122,0.5,0.5,0.5,0.5,0.5,0.5,0.5,2
bc69662a0bdd11eba7f7acde48001122,0.5,0.5,0.5,0.5,0.5,0.5,0.5,2
42228c2008cc11ebbd93ac1f6bf848b6,0.5,0.0,0.25,0.25,0.0,0.25,0.0,3
b65877e20bda11eba7f7acde48001122,0.5,0.5,0.5,0.5,0.5,0.5,0.5,2
f8819f3308a011ebbd78ac1f6bf848b6,0.25,0.25,0.25,0.25,0.25,0.25,0.25,2
87724861086d11ebbd62ac1f6bf848b6,0.5,0.0,0.5,0.25,0.5,0.5,0.5,3
2c43f3d40bde11eba7f7acde48001122,0.5,0.5,0.5,0.0,0.5,0.5,0.5,3
9397dcc008dd11ebbd9dac1f6bf848b6,0.5,0.5,0.0,0.5,0.5,0.5,0.5,2
5c7fbb01091a11ebbdaeac1f6bf848b6,0.5,0.5,0.5,0.5,1.0,1.0,1.0,2
1f77cec108ad11ebbd83ac1f6bf848b6,0.5,0.0,0.25,0.25,0.25,0.5,0.5,2
f97bacb20bdd11eba7f7acde48001122,0.5,0.5,0.5,0.5,0.5,0.5,0.5,2
2a13a676090111ebbdadac1f6bf848b6,0.5,0.5,0.5,0.5,1.0,1.0,1.0,3
3ccbcad20bda11eba7f7acde48001122,0.5,0.5,0.5,0.5,0.5,0.5,0.5,2
70ec660c0bdd11eba7f7acde48001122,0.5,0.5,0.5,0.5,0.5,0.5,0.5,3
7b52cb9e0bd911eba7f7acde48001122,0.5,0.5,0.5,0.5,1.0,1.0,1.0,2
4a053eb00bb011ebab90acde48001122,1.0,0.5,1.0,1.0,1.0,1.0,0.5,2
850c2ecc0bda11eba7f7acde48001122,0.5,0.5,0.0,0.5,0.5,0.5,0.5,2
20a118cc0bde11eba7f7acde48001122,0.0,0.5,0.5,0.5,0.5,0.5,0.5,3
a703e1160bdd11eba7f7acde48001122,0.5,0.5,0.5,0.5,0.5,0.5,0.5,2
7e73e6560bdd11eba7f7acde48001122,0.5,0.5,0.5,0.5,0.5,0.5,0.5,2
a6f0c6ec089c11ebbd78ac1f6bf848b6,1.0,0.5,1.0,0.5,0.5,1.0,1.0,3
fbf191f3086611ebbd5eac1f6bf848b6,0.5,0.0,0.0,0.25,0.5,0.5,0.5,3
d0cadba7088f11ebbd72ac1f6bf848b6,1.0,1.0,1.0,1.0,1.0,1.0,1.0,2
cff878c20bdb11eba7f7acde48001122,1.0,0.5,1.0,1.0,0.5,1.0,0.5,3
133b785c0bda11eba7f7acde48001122,0.5,0.5,0.5,0.5,0.5,0.5,0.5,2
f12995e108ab11ebbd82ac1f6bf848b6,0.25,0.25,0.25,0.25,0.25,0.25,0.25,2
59054cad08b311ebbd86ac1f6bf848b6,0.5,0.25,0.25,0.5,0.25,0.5,0.5,3
2a667a5808c511ebbd8eac1f6bf848b6,0.25,0.0,0.0,0.5,0.25,0.5,0.5,3
81c9a46c0bb011ebab90acde48001122,1.0,1.0,1.0,1.0,1.0,1.0,1.0,3
c81d185a0baf11ebab90acde48001122,1.0,1.0,1.0,1.0,1.0,1.0,1.0,3
00ea5297094a11ebbdaeac1f6bf848b6,1.0,0.5,1.0,0.5,1.0,1.0,1.0,2
f7ed995308d611ebbd99ac1f6bf848b6,0.5,0.0,0.5,0.0,0.5,1.0,0.5,3
61cc91aa088c11ebbd6fac1f6bf848b6,0.25,0.25,0.25,0.25,0.75,0.75,0.5,3
171e51c60bdd11eba7f7acde48001122,0.5,0.5,0.5,0.5,0.5,0.5,0.5,2
1c0dd3b00bdc11eba7f7acde48001122,1.0,0.5,1.0,1.0,0.5,1.0,1.0,3
c77037480baf11ebab90acde48001122,1.0,1.0,1.0,1.0,1.0,1.0,1.0,3
4e8195fa095b11ebbdaeac1f6bf848b6,1.0,0.0,0.5,0.5,0.5,1.0,1.0,3
d15be72e0bdd11eba7f7acde48001122,0.5,0.5,1.0,1.0,1.0,1.0,0.5,2
5db7e2d80bdc11eba7f7acde48001122,0.5,0.5,0.5,0.0,0.5,0.5,0.5,2
7eb8d29a08c511ebbd8eac1f6bf848b6,0.5,0.5,0.25,0.5,0.5,0.5,0.5,3
49eb87280bdc11eba7f7acde48001122,0.5,0.5,0.5,0.5,0.5,0.5,0.5,2
5e418da00bda11eba7f7acde48001122,0.5,0.5,0.5,0.5,0.5,0.5,0.5,3
d6b470160baf11ebab90acde48001122,0.5,0.0,0.0,0.5,0.5,0.5,0.5,2
00ce250d095f11ebbdafac1f6bf848b6,1.0,0.0,0.5,0.5,1.0,1.0,1.0,2
32ebe13e0bb011ebab90acde48001122,0.5,0.5,0.0,0.5,0.5,0.5,0.5,3
b0ac0fc8087b11ebbd68ac1f6bf848b6,0.5,0.25,0.25,0.25,0.25,0.5,0.5,2
a022d8580bdc11eba7f7acde48001122,0.5,0.5,0.5,0.5,0.5,0.5,0.5,3
e0036a5d086a11ebbd5fac1f6bf848b6,1.0,0.5,0.5,1.0,0.5,1.0,1.0,3
8cb79c16085a11ebbd5cac1f6bf848b6,0.5,0.0,0.25,0.5,0.25,0.5,0.5,3
95b5b8da08bd11ebbd8aac1f6bf848b6,1.0,0.0,0.5,0.5,1.0,1.0,1.0,2
962889100baf11ebab90acde48001122,0.5,0.0,0.5,0.0,0.0,0.0,0.0,2
314f72c20bde11eba7f7acde48001122,0.5,1.0,1.0,0.5,1.0,1.0,1.0,3
29edeea4084c11ebbd56ac1f6bf848b6,1.0,0.5,0.0,0.5,0.5,1.0,1.0,3
702515e80bdd11eba7f7acde48001122,0.5,0.5,0.5,0.5,0.5,0.5,0.5,3
8cd3fe6c0baf11ebab90acde48001122,1.0,1.0,0.0,1.0,0.5,1.0,1.0,3
93dec34e0bdd11eba7f7acde48001122,1.0,0.5,1.0,1.0,0.5,0.5,0.5,3
5d71855608e711ebbda6ac1f6bf848b6,0.5,0.0,0.0,0.5,0.5,0.5,0.5,3
0ebf83cc08b511ebbd88ac1f6bf848b6,0.5,0.0,0.0,0.25,0.25,0.5,0.5,3
5d18eb8408e311ebbda4ac1f6bf848b6,0.5,0.25,0.0,0.5,0.5,0.5,0.5,2
a26599ea097011ebbdb0ac1f6bf848b6,0.5,0.0,0.5,0.5,0.5,1.0,1.0,3
f2287f32089311ebbd75ac1f6bf848b6,0.5,0.25,0.25,0.0,0.5,0.5,0.5,3
4f0d28fb088b11ebbd6fac1f6bf848b6,1.0,0.5,1.0,0.5,1.0,1.0,1.0,2
475b89f80bb011ebab90acde48001122,0.5,0.5,0.5,0.5,0.5,0.5,0.5,2
86ae8b920baf11ebab90acde48001122,0.5,0.5,0.5,0.5,0.5,1.0,1.0,2
9997225c0bda11eba7f7acde48001122,0.5,0.5,0.5,0.5,0.0,0.5,0.5,3
076f8ece08d211ebbd95ac1f6bf848b6,0.5,0.25,0.25,0.0,0.5,0.5,0.25,3
8b590cea087011ebbd63ac1f6bf848b6,0.5,0.0,0.25,0.25,0.75,0.75,0.75,2
3f5194f00bb011ebab90acde48001122,0.5,0.0,0.5,0.5,0.5,0.5,0.5,3
ae741c140bdc11eba7f7acde48001122,0.5,0.5,0.5,0.5,0.5,0.5,0.5,2
85dd56440baf11ebab90acde48001122,0.5,0.5,0.5,0.5,0.5,0.5,0.5,3
